"","V1","V2","V3","V4","V5","V6","V7","V8"
"3","aged like milk httpstcorlypt8wgnd","auba did so well too i really admire his work rate he works hard to cover all his basic football stuff so even when he is not necessarily scoring he is still helping the squad he did this so well in arsenal when he was out of form","thank you httpstcokekxlanbfc","a big ef u to dortmund for ruining my week when it barely even started yet","this no reinforcement whatsoever when we are already running thin a defender would have been nice to at least have some option im no football expert but even i can see how much we needed to sign someone httpstcoail12fnzjc","oh please i cannot do this dortmund just got battered to smithereens i dont need this","me throughout the whole match httpstcookmuqztcmv httpstcoykglxeryhx",""
"9","have you staked your vinu yet we have 306090 day pools on @digifinex we have 14 day pool on @vivastakingpool the 90 day pool on digifinex is almost fully claimed #memecoin #staking #vitainu #vinusquad #shib #doge #bscgem","the winners of the vinu #giveaway have been rewarded the #vinu team will be discussing your suggestions and decide on the most suitable name for our #designer brand in the meantime dont forget to check out the vinu #merch store on @redbubble","","","","","",""
"12","mediocre conservatives incels trying with all their might to pin this on trudeau","this is what @gregmcleanyyc described as a beautiful winter carnival","and the conservatives already have their memes made to call him an authoritarian if he does","never go with the algorithm always latest tweets","","","",""
"13","i dont think we should be asking them to go home so we need to turn this into justin trudeaus problem per candice bergen email","due diligence is underrated","saw one company tweet out its brave refusal","on the subject of towing companies performatively refusing to tow do they have a contract with the city of ottawa do they want one with any municipality in the future","noting that this guy is an immigrant after all were seeing amp hearing from this mob","","",""
"25","happy birthday","i need this","amen to that","its fucking horrible as if things arent bad enough we were only split a few months and i hadnt been out felt like punching them","if it hadnt been a surprise those arses wouldnt have been there","yep looking for the fill of their mouths","absolutely i wasnt long separated from my husband and had a few aul biddys asking where he was and the fuckers knew well just wanted me to say it i just said the babysitter let us down the cts","it ended up being a great night my birthday is christmas week so i never do anything for it they had the party a month before so i had no clue i walked in and a band started playing everyone started coming up to me i wanted to run away did enjoy it after the shock"
"26","thanks for listening to #mostrequestedlive with @onairromeo requests have been counted heres the top 5 #5 @jenarosemusic #checkmate #4 @avrillavigne amp @iamblackbear #loveitwhenyouhateme #3 @alesso amp @katyperry #whenimgone #2 #lisa @blackpink #money #1 @anitta #boysdontcry","same","us imagining #lisa watching reaction videos to #money when it came out","listen to @bennettonairs #mostrequestedlive interview with #lisa from @blackpink if you missed it last night #blinks #lalisa #money","our pleasure","huge thanks to #lisa from @blackpink amp @jenarosemusic for being part of the show tonight its all here if ya missed it #blinks #jra","another world famous twittamix is comin atcha with dj @jaymacradio amp @onairromeo tweet your request for this mix now","theres still time to make your request count on #mostrequestedlive whats it gonna be"
"27","#mostrequestedlive with @onairromeo is airing live on a radio station near you find yours and listen tonight like @xtreme1071 in dubuque ia listen","","","","","","",""
"32","a nuh kfc one a have chicken shortage btw @quickchickja while the server was being rude about my leaking drink yesterday she nuh give me the dinner roll i paid for","now the noise and car alarms going off early this morning makes sense","basically the rich telling us that covid should be treated like the common cold and if youre a casualty oh well thats just life","tell unuh bout that personal choice foolishness already now the carefree careless and rich minority will sing it to support their ridiculous stance","this response sounds like out of many one people only the rich should survive","","",""
"39","200 ends in 24 hours rt and follow me notifs on","raving crabs original 3d animated nfts enter the club rave at our exclusive music festival free pixel crab mint amp giveaways 006 for earlyadopters only 17th november 2021 discord twitter","chunky bunnies nft project launching september 19th 6000 generative bunnies on the ethereum blockchain join their discord #nft #nfts","mint is live jan 18 1am utc jan 17 8pm est price 008 eth 9999nfts 80k giveaway among holders first 750 holders will get animated hunters3d nft netflix animated series dao go catch your bunny mint #nft #nfts","new apostle #9 #nft drop limited time special christmas discount st philip the missionary #9 of 12 apostle #nfts minted on christmas eve in rome italy @opensea buy here or offer sos dm for private sale #nft #nfts","cheeky chimps nft project our goal is to build a communitybased nft project with a longterm roadmap for achieving longevity to get involved join the official discord server #nfts #nftart #nftcommunity","ok ready to go can we do a post that says dont miss out on grand goose mansion next big project get in their discord and look out for wl giveaways they are going to explode #nfts #nftgiveaway #nftgame #nftartist #nftartist #nftdrop #nftproject",""
"48","someone needs to shower","the quieter you become the more you are able to hear","you wanna show the world but no one knows your name yet wonder when and where and how youre gonna make it you know you can if you get the chance","","","","",""
"49","guys pls 100200 votes everyday we are behind on all votings click on public award choose hanker write email and submit unlimited with same email #handeerel #kerembrsin","cant waittt #handeerel @handeercel","voting will end here soon lets all do 150200 votes day #handeerel atasay most advertising face of the year #hanker sen al kapm couple of the year you can vote unlimited times","","","","",""
"56","magical polished koroit wood boulder opal photo wildopals #minerals #opal","meet the virgin rainbow perhaps the finest and certainly the most expensive opal on record","pleochroism is an optical phenomenon in which a substance has different colors when observed at different angles it is observed in some minerals such as tanzanite in the picture photo tomasz praszkierspirifer_minerals #minerals","paleontologists have identified two new types of fossil flowers one identical to those of the living genus phylica and the other a sister to phylica #amber","electric blue chalcanthite a copper mineral from arizona photo lithoi minerals #minerals","dendritic crystallization forms a natural fractal pattern","here some polished amethyst sphere geodes photo ancient mountain treasures #minerals",""
"64","this is the best weve played under gio perfect reaction #rangers","god save the queen","see their candidate also lives in raunds the complete opposite end of the constituency to where oundle is essentially","good to be out on the campaign trail again this weekend with our strong local labour candidate harry james ahead of the oundle byelection #votelabour #labourdoorstep","massive boost need to get back to winning ways pronto #rangers","i definitely wouldve had balogun in from the start but aside from that its the team id have picked","gut instinct is the ecb have done the right thing here the positions of silverwood thorpe and giles were untenable so they had to go stokes needs to concentrate on getting his game back to his best so sensible to continue with root as captain reset needed and work to do","from a recent outing around oakley ward with @simonrielly to make local businesses aware of grants available to those in the hospitality and leisure sectors from north northamptonshire council"
"81","and my niece meg happy birthday","why are democrats still making the forced masking of children one of their signature issues","lincoln project accidentally releases trump 2024 campaign ad","gofundme backtracks on redistributing money for canadian truckers under threat of fraud investigation #foxbusiness","the real foreign interference in our elections is happening at your local dmv by j christian adams","theyre both right fascist censors loathe joe rogan because he doesnt spout their propaganda and threatens the regimes power and corporate media win at the end of the day because they have the power horrifying attacks on free speech we must rise up and confront","",""
"92","are you really nadine dorries #johnsonout13","youre welcome molly sorry about this fd is obviously very passionate about the cause we are close we are doing it thank you for your support and humouri thought it was funny lol #johnsonout13","if you can remove the tweet with 14 and make a new tweet with #johnsonout13 i can rt for you this gets us our 1 back again and stops others using it","75000 tweets before 520pm #johnsonout13","9 politics trending #johnsonout13 748k tweets you are a relentless protest against this failed prime minister keep going","please dont use it yet not until midn each one today is 1 tomorrow #johnsonout13","wow theres a story behind that lol #johnsonout13",""
"93","if you implement nfts i will never use your website to support creators i will contact the creators and ask for other avenues to do so","","","","","","",""
"94","new genre sewercore","loool a woman tried to physically fight me over not parking far enough away from her even tho she was leaving i spilled hot then cold coffee in my car and i just got spider man spoiled for me by the right fukin sidebar after dodging shit all month today is doooone","hello gumroad how do i request my personal information to be fully removed from your platform ive emailed messaged sent dms on multiple social accounts and received no response","got the community manager working all saturday smh @shl","oops my link is wrong if you get 404d the req key typein link is here sorry sorryyy","also a great option yeah i love itch","hey thanks for hitting me up about that ill ask the people who im in contact with and hopefully get back to you soon","im not sure i can ask them but i might not get a reply till monday"
"98","and what would happen to peoples pensions in the future i remember something to do with a fine in 2016 for 35000 nuisance phones calls","is that percentage of population or actual vaccinations given","and are we sure that all these people died of covid 19 i wonder how many peoples lives were saved by the early introduction of the vaccine in this country","and how is the investigation going into cummings second visit to county durhamanother one of your world exclusives","delayed action cost a hundred thousand liveswhere did you get that figure fromplease tell me","but still no comment about mason greenwoods alleged assault on his girl friend from you garyi wonder why","its not the quantity but the quality that countsdo you really look like that","surely not another crerar exclusiveshe apparently has a source in number 10i wonder who but still no further news on cummings alleged second visit to county durham"
"106","the mask formation cult who have been radicalized by @justintrudeau are now attempting to murder peaceful protesters by running them over with a vehicle and of coarse while wearing a mask","","","","","","",""
"108","if we make a prepaid travel booking today we will be betting on our future not losing money having fun planning and rescuing the tourism industry","dream big night is about to end","theaters at 50 weddings 25 people enforcing these quotas need to get a real job vultures dont grow economy eagles do soar in the sky 75 jabbed 80 beds free open everything totally and forever whatever the hell happens wont be any worse than 50 of what is planned","rather than making vaccine mandatory make mask voluntary for vaccinated people","","","",""
"109","i hate that people think that just because she released a song thats about sex they have the right to constantly ask her these kinds of questions","","","","","","",""
"113","here is a video clip of your conversation with howard kurtz about joe rogan great comments as usual cheers","here is @ggreenwald talking with howard kurtz about media resentment towards joe rogan and his podcast","i would add one more pathology the two ostensibly populist sides have in common a deep amp condescending distrust of what the little people out there might do with all this newfangled information flying to amp from their screens superb piece by @mattwelch","i was lucky wordle 232 36","i was lucky wordle 232 36","i hope to see you at the mean eyed cat monday 27 at 730 pm","this is why punishing speech is uniquely pernicious it affects the way people relate to each other replacing an assumption of good faith with suspicion amp mistrust and it doesnt take constant state enforcement for speech to become fettered amp stilted",""
"115","ottawa is an entire city paid by tax dollars that other people need to create forgive my lack of sympathy to the taker class who threw parades to coronate trudeau","youre a journalist","whats a little police state amongst political allies right","nothing like picking and choosing which type of political dissent the state will permit also wheres the money","yay government enforced theft and suppression of political dissidents","if only there was a very recent example this could be compared to","its almost like political dynasties dont benefit normal people","they are his problem whining that the conservatives should make it their problem is weak and pathetic"
"124","super busy with new apartment stuff how are #tejatroops doing","are you watching teju live on insta if no go now we love you tejasswi","super thankful to @ektarkapoor and super excited for @itsmetejasswi i know youll make us proud lt3 tejasswi gracing naagin","are we ready for tomorrows trend how cool itll be if teju joins us during the trend","special thanks to @tejasswiholics_ thanks for everything you know why why i mean","hi guys i had disabled my protected account which removed all my follow requests i apologise i have opened back my account now","",""
"128","police have charged 33yearold brent alexander julien with sexual assault in relation to an incident that occurred on may 19 2018","","","","","","",""
"135","join us in this talk that focuses on bringing research into the learning process where students participate in the teaching and learning process under the facultys guidance register to learn more about research based learning rbl #kfastalks #kfas","the training consists of extensive support and live virtual classrooms multimedia learning material and selfevaluation tests and renac certificate upon successful finalization to know more and register #kfas","kfas is providing an opportunity to fund a variety of online training courses on renewable energy and energy efficiency in collaboration with renewables academy renac in berlin germany","","","","",""
"137","tfi vesting adjustment announcement weve adjusted tfi vesting for sustainability amp protection of all stakeholders all vesting including team tokens is postponed by 2 months linear release for 15 days 7th21th read our medium article","flash private sale stickmans battleground stman gleam contest research page date 58pm utc feb 10th price 005 cap 10k for dolphins whales chosen ones buy tfi on pcs","did you know about our live ino supply 200 mint price 20000 tfi place the chosen one nft offers incredible benefits to its holders read on medium","dear community trustfi is proud to present trustfi knights program the program offers various rewards to community contributions ido whitelist fps whitelist airdrops trustfi knight of the month wins the chosen one nft learn more","","","",""
"143","que me cante las canciones pop be with me amp fly away #bewithme #flyaway @dimash_official dimash in dubi","","","","","","",""
"149","pure fraud the jobs gains are nothing than addition by subtraction the jobs that were added were previously lost in essence dementia joe dug the hole threw you in it and is taking credit for your efforts to climb out of it democrats are too stupid and ignorant for words","you communists never learn from history","","","","","",""
"165","this one is for you professor i wanted to try a @rushtheband song that would really challenge me i watched an interview were neil peart said tom sawyer remains so difficult to play so i thought i would give it a try its actually really fun to play","well done","","","","","",""
"170","reminder this is a special treat for our early supporters event closes in 24 hours","","","","","","",""
"181","wtaf reminds of that episode ofsliders where they slid into a world where everyone was on drugs and jailed if they werent","i went for a walk on the beach yesterday these are my gleanings for the 2 hours i spent there","","","","","",""
"183","we are available 247 100 guaranteed zero plagiarism pay paper homework assignment discussion research paper pay essay due pay history math due assignment thesis statistics chemistry dissertation programming labreport","a team of brilliant and competent writers to give you the best scores in your papers anatomy science excel @superbwritings2 trigonometry physics thesis math power point assignments someone write homework sociology essay due essay pay engineering exams kindly dm","a team of brilliant and competent writers to give you the best scores in your papers anatomy science excel trigonometry physics thesis math power point @superbwritings2 assignments someone write homework sociology essay due essay pay engineering exams kindly dm","a team of brilliant and competent writers to give you the best scores in your papers anatomy science excel trigonometry physics thesis math power point assignments someone write homework sociology essay due essay pay engineering exams kindly dm","a team of brilliant and competent writers to give you the best scores in your papers anatomy science excel trigonometry physics thesis math power point assignments someone write homework sociology essay due essay pay engineering exams @superbwritings2 kindly dm","a team of brilliant and competent writers to give you the best scores in your papers anatomy science excel trigonometry physics thesis math power point assignments someone write homework sociology essay due essay pay engineering exams kindly dm","a team of brilliant and competent writers to give you the best scores in your papers anatomy science excel trigonometry physics thesis math power point assignments someone write homework sociology essay due essay pay engineering exams kindly dm","a team of brilliant and competent writers to give you the best scores in your papers anatomy science excel trigonometry physics thesis math power point assignments someone write homework sociology essay due essay pay engineering exams kindly dm"
"184","a team of brilliant and competent writers to give you the best scores in your papers anatomy science excel trigonometry physics thesis math power point assignments someone write homework sociology essay due essay pay engineering exams kindly dm","a team of brilliant and competent writers to give you the best scores in your papers anatomy science excel trigonometry physics thesis math power point assignments someone write homework sociology essay due essay pay engineering exams kindly dm","","","","","",""
"188","they say communication wins but its rather understanding communication sometimes makes it complicated","should have reported earlier for incest so appalling old boy be traumatizing his own daughter","when squad contribute and start eating gently theres always one guy who join and the whole squad starts devouring the food","","","","",""
"189","i have nothing to say about the game but a lot of positives sulley muntari brings to our game still hearts of oak is the best #phobiatotheworld #phobia #flowerboys","they hate to see it but it shall surely happen","","","","","",""
"191","jack posobiec make this historic event go viral","this is only the beginning get the word out the international criminal grand jury investigation has begun every person needs to be made aware of this so they can watch the live stream and be part of the grand jury voting process we need indictments","","","","","",""
"196","spiderman no way home tom holland reveals getting an angry call from marvel for calling the film emotional amp brutal #spiderman #tomholland #marvel #koimoi","radhe shyam prabhas amp pooja hegdes love saga does blockbuster business before its release by crossing 200 crores in digital rights deal #radheshyam #prabhas #poojahegde #koimoi","what aishwarya rai bachchan was paid 10 crores by former pakistan president asif ali zardari for a private function #aishwaryaraibachchan #asifalizardari #koimoi","ankita bhargava reveals how hubby karan patel lost his sht when daughter mehr was trolled giving back to them is very important #ankitabhargava #karanpatel #mehr #koimoi","pratik sehajpal takes an auto rickshaw in the city makes netizens go what a guy #pratiksehajpal #rickshawride #koimoi","james gunn gets a hilarious letter from old scoobydoo friend who jokes about including him in superhero films #jamesgunn #scoobydoo #koimoi","kgf chapter 2 nora fatehis sizzling recreation of sholays mehbooba mehbooba to release on this date #kgf #norafatehi #sholay #koimoi","erica fernandes breaks silence on her breakup im not going to have someone who takes me for granted #ericafernandes #koimoi"
"198","agree weve fair missed his wee greetin face","that could be it murray net framework updates often cause me problems","mr saturday night makes it 40","totally agree 30 now great goal from kamara","30 rangers kamara off the bench brilliant","20 rangers alfie again fantastic goal","aye hes looking more like the player we all know he can be today except in front of goal","ht 10 rangers going on 3 or 4 much better overall performance so far today but still need to be that bit more clinical up front and the defence is still giving me the fear at times please dont let the momentum or tempo slacken off in the 2nd half rangers"
"199","firefox uses a stricter standard of coding probably the reason its ok but your having a problem with the others","","","","","","",""
"203","soulz x ali amp his friends 3 ali amp his friends whitelist spot to enter follow @soulz_nft amp @0xalinft like amp retweet tag 3 friends","we opened the doors to the soulz discord 3 weeks ago and weve had the most unbelievable time watching grow and interacting with you all whats been your favourite moment of being in our discord server so far #nft #nftcommunity #anime #manga #soulzramen #soulz #animenfts","80000 followers on twitter 120000 followers on discord thank you to each and every one of you for your support lets give away 10 ascended wl roles just retweet and tell us what anime character you loved the most winners will be chosen in 24hrs #animenfts #nft","netflix and chill nah discord and vibe ohh yeah what are you up to this weekend #nft #nftcommunity #anime #manga #soulz","winners @chris2_jr @redwanalhourani @allanvaldiviez3 @corrin35134403 @pachomarcellus congrats guys we will dm you in a while","#soulzfanart is crazy so much talent in the server our community is one of a kind who wants us to keep posting more #fanart","",""
"207","you are so welcome and i appreciate you too and i got your back","yes you are so welcome my friend just take it a day at a time and headaches are the worst but im sure youll recover soon and youll be yourself soon so do your best","that was flawless","you got this tsuki bad days happen you just gotta rebound back","that demon slayer episode holy shit dude what the hell that was amazing ufotable went stupid hard with it #kimetsunoyaibaseason2 #demonslayer","time to watch the new demon slayer episode lets gooo","yeah i feel like it be better binged to be honest","i stopped watching for awhile but this mist arc has been interesting so im just watching that atm"
"208","to anyone who thinks theyre wealthy enough to pull this kind of shit 1 no youre not 2 people in service industries deserve your respect gratitude amp cash tips 3 being shitty to them is stupid they can make your life hard 4 get your head out of your ass","fuck off forever","maybe this is what i need in order to get over my childhood trauma vis a vis the american vs british meaning of pasties","what","super weird how this customer wants you to kick the shit out of their packages","i wonder what you mean by classier","the cheesesteak is our worst sandwich we dont reveal the best ones to tourist shits like you now fuck off","but agree on other ne things to do"
"209","philly is like twice the size of boston","my kneejerk reaction was cuss out everyone talking shit on philly partly because itd be fun and partly because fuck them i think you may be onto something","","","","","",""
"210","ohh yeah dat feels friggin good dont it now","i only did that like once in my life and i was 19 it was harrowing af and i learned my lesson right quick but everyone i know including both my parents have had duis","i drove at 14 and 9 months could not wait its literally all there was to do here as a teen that and the little ski hill they made out of trash","thanks nate i appreciate that and you","thanks mario and same bud","are we ready for a secret handshake","its like the weather","ah shit im going to hit 3000 today as much as i dont really feel comfortable with all the new follows i must admit i like twitter more than i would have imagined and ive made some actual friends here so thanks for being my twitter bud and remember to be groovy or leave man"
"214","agreed surely it did sell at that couldnt spend the suggested 20k on top and get it away for a profit but then i guess that was jayemms point hard sell even onceif all the work can be shown to be done","dont think it did watched vid out of curiosity tother day but glad i multitasked as i wasnt sure of his point dealership couldnt retail it so dispose at auction up to them not him how described fact it got put in as class 5 seems to me to be to their credit","no reserve cars reading i guess","had to zoom in to check the plate and see if it was that one","i hope it is","here in the south west its always too premature to put them on","the issue it would appear is misogamy not misogyny is your assertiveness training all to do with an aversion to marriage","barely run in practical nice colour like it #1000cr"
"216","they didnt do much other than change the badge itll always be an ff","the subtle difference between my daily and the wifes daily","the ff is just perfect in my eyes although i wouldnt have a red one personally also pictured is the best place to buy beer in cambridgeshire","because air resistance is exponentially proportional to speed travel slower more range but electric cars are the future","all of them","i can definitely vouch for the standard glc being great especially with the 350d engine","that is not a 7k car","im not saying anything about the future but parts that need to be fitted first might be on order"
"220","watching knix fans sour on randle after he breathed life into the franchise and led em to the playoffs is wild makes me wonder if they got zion how they woulda dealt with him not playing most of 3 yearsthey dont deserve to win or a top pick","he beat kobe in the first one so","i wanna get a fur coat but i just lack that type of confidence it will probably have me walk in anywhere and 2 step","bane better win mip this year memphis out here in cruise control","joe rogan ni the whole 85 south show","joe rogan should have to go on the 85 south show and say nigga and if he can finish the episode he stays on spotify","",""
"224","just imagine @ourmdct contesting in the byelections as mdca to replace the recalled mdca mps for being mdca","sily question","create an economic that one can afford to buy that one on hisher own capacity will that bar last for 5 years","but on monday morning work will be on the chalkboard you arent yet serious","they dont walk the talk the do much on theory than prac they will tell you and threaten to strike but come 7 feb as early as 7 they will be in classes conducting lessons thus teachers for you","","",""
"225","hon costa machingauta of @ccczimbabwe in budiriro constituency with boots on the ground working with community to register citizens","see it for yourself a country cant be run on lies and deception","thats what your varakashi friends say","","","","",""
"226","our beloved hero morgan tsvangirai passed away on 14 february 2018 we will continue to honour his memory everyday and with the annual morgan tsvangirai memorial lecture details of the annual lecture will be made public in the next few days","ubaba sindeni j m gasela is a tried and trusted servant of the people he will represent bulawayo ward 9 in bulawayo city council after the march 26 elections","our incoming councillor for ward 6 hwange west is brian ndhlovu victory in certain","","","","",""
"227","thinly veiled as monuments to thoughts emersons aphorisms voice is still happening even on the","state he different source can be destined humiliated isnt","creative power due to your destiny brings riches throat speaking knowledge intent","perhaps reading as believe them as in as when you are the best if we","feed our by surface the quincy adams some time","beingaccomplished we with laughter horror indignation and sometimes god many does make us a firm","my fear rules and governs take a step ahead lessons face golf it took hours to turn the green","the present generous education that they dont know there wasnt opinion when you arent willing to forgo your"
"230","discord is going crazy who else needs a whitelist pass we going to pick a few people who like this post #nft #nfts #nftart #nftartist #nftcommunity #nftdrop #nftcollection #eth #ethereum","good morning how are things going today ye excited for the drop #nft #nftcommunity #nftcollection #nfts #nftartist","the boujee club is coming hot the #metaverse plots are on the way 4 whitelist spots raffle among whoever retweets #nftcommunity #nftart #nfts #nft #nftcollection #nftdrop","were getting backed by many for a reason the 30 royalty program is going be start in the same month as the presale #nft #nfts #nftartists #nftart #ethereum #eth #metaverse #nftcommunity #nftdrop","quick whitelist raffle 5 whitelist passes raffled among whoever likes this post discord has been popping off lfg #nft #nfts #nftcommunity #nftart #nftartist","the boujee leopards will be making a 100000 donation to a wildlife reserve picked by the #nftcommmunity #nftdrop #nfts #nft #nftartists","22 @bybygyu @kiminotorikoph please dm us your eth wallet","12congratulations to @cityx66 @sambebas @missuferose @yeojaesp @sonia_rebecca @adek_awancityxx @cheeze_g7 @nady51912393 @grenavdine @ailuropodaasz @daegalwinx @februarybiigwin @swallow1217 @cheriowtf @khaelaawins_ @hasaynn @jacob_buckne @tanabigwin"
"239","not content to just menace our country ted cruz attempts to harass our neighbors","i didnt see it but probably nothing","he absolutely did greta thunberg ring a bell not that is matters trump is hardly the barometer for abhorrent behavior this is gross","the cities they cited as being the least healthy are the most healthy according to the very source they got the information from quite literally an up is down black is white situation","no idea maybe the person who runs that is more discerning","","",""
"240","it is not a conversation it is a survey an amazing description of medical history taking gone awry and a whole thread to learn from","not all of my kids are keen on the kf 94s drives me a little crazy but a pediatrician friend said the mask they wear is better than the one that they dont so im trying to have some zen about it","i think real world use has some slop","","","","",""
"241","bro go have a look at this profile @nft__royale has launched 1 special nft giveaway hurry up in a few hours will be over","bro go have a look at this profile @nft__royale has launched 1 special nft giveaway hurry up in a few hours will be over","bro go have a look at this profile @nft__royale has launched 1 special nft giveaway hurry up in a few hours will be over","bro go have a look at this profile @nft__royale has launched 1 special nft giveaway hurry up in a few hours will be over","bro go have a look at this profile @nft__royale has launched 1 special nft giveaway hurry up in a few hours will be over","bro go have a look at this profile @nft__royale has launched 1 special nft giveaway hurry up in a few hours will be over","bro go have a look at this profile @nft__royale has launched 1 special nft giveaway hurry up in a few hours will be over","bro go have a look at this profile @nft__royale has launched 1 special nft giveaway hurry up in a few hours will be over"
"242","bro go have a look at this profile @nft__royale has launched 1 special nft giveaway hurry up in a few hours will be over","bro go have a look at this profile @nft__royale has launched 1 special nft giveaway hurry up in a few hours will be over","","","","","",""
"246","floppy giveaway 3 wl spots 24h 1 follow @nftfloppy amp @nft__royale 2 like rt the post 3 tag friends join into the metagalaxy with floppy #nfts #nftgiveaway #floppynft #nftcommunity","hi chirstine the team will text you dont worry","almost 2k on twitter big collaborations with projects more than 40 people won giveaway in less then 2 weeks we are happy with the community we are building activate the bell because tomorrow there will be a special giveaway","winners @ecoznft will text to you in dm active the bell to stay tuned for other giveaways @qkswm123 @chriswaltmans @tzara_bkh @givmapc @voodooo19 @asyrix1 @periwalpranav2 @evoratiel @defaj_ @javadnikko","winners we will text you in dm @tzara_bkh @gilly49323352 @mikelicmarko @wagmiforlife @annafro43095880","hi shmood check dm for collaboration for hiraki we would like to share our idea with you","so happy for you guys good job","elit3 alpha giveaway 5 wl spots 1 follow @elit3_alpha_nft amp @nft__royale 2 like rt the post 3 tag friends elit3 alfa is a project made up of 9999 nfts crafted by designer ar from netflix epic games and other big companies only 24h #giveaway #nft"
"247","try with phone","ecoz whitelist giveaway 1follow @ecoznft amp @nft__royale 2likert 3tag a friend this is the last chance to get on the ecoz white list ecoz are 100 onchain nfts with first of its kind breeding mechanics and mutating gene poolsdna #nft #giveaway #whitelist","","","","","",""
"249","oh okay","do you believe everything people say that you encounter throughout the day or do you listen to what they say understand the other side and then come to your own conclusion","does he mention rogan in that vid dont feel like listening to whole thing lol","they lose and gain customers everyday you are no different than any customer they lose on any other day","obviously he didnt listen to rogans podcast if he did he probably wouldnt have been overweight we all know what an episode of @davidgoggins can do for you wont hear about that from them all the people who changed their physical well being from his epsidoes","we know you had no bad intentions","george carlin bit #joerogan #joeroganexperience #censorship #spotify #jre","joe rogan episode with dave chappelle sadly they did just that they made a compilation taking his words out of context to paint him out as a piece of s words dont hurt people its the intention behind words that do"
"256","almost full if you have not received a dm from me its because you didnt either complete all required steps or your dms are off feel free to reach out if you have any questions","222 og sqush have found the code and are in the discord thanks for all the love and support","it wont let me please feel free to send me a dm","please dm me for link lt3","2x @cosmiqsnft whitelist giveaway rules 1 follow @squshy_nft and @cosmiqsnft 2 like amp retweet 3 tag 3 friends two winners will be announced in 24 hours and will have a discord invite sent to them more chances coming turn notifications on","weve been hearing that the code is hard to crack due to capitalisation working on a new one shortly will dm you a discord invite for now","want discord access head to our website and play the game first 222 in get guaranteed squshlist","first 222 people that follow @squshy_nft like this tweet tag 3 friends retweet will get discord access amp guaranteed squshlist"
"259","that code lasted 8 seconds we are blown away as a team we do want to ensure sustainable community growth while also keeping it exclusive we will start to look at new potential ways to include all of you in what we are building for now heres another sneak peek","sjtk 9nj good luck have fun","","","","","",""
"260","thats fair im saying maybe he should never have been taken particularly seriously in the first place","smdh","rogan is first and foremost a comedian which doesnt mean there cant be legitimate discourse on his show the daily show has produced good discourse but do remember the show exists to elicit laughter to entertain","hard mode does make me think more so i like it wordle 232 46","its an lg 1000w microwave dont have the model number readily at hand theres a sensor cooking module","act ii regular microwave popcorn in the bag hit popcorn and start and walked away came back when it beeped off 90 of kernels popped nothing scorched nomming down on it now like im not overweight","every brand of microwave popcorn has instructions which say do not use popcorn setting on microwave well i just did exactly that and it turned out great #beungovernable #latenightsnack","superb"
"266","call of duty #vanguard is reportedly set to receive ground war as a new game mode in season 2","","","","","","",""
"269","yes bimal i am really saddened","india has lost one of the greatest voices the world has ever known lata mangeshkar her voice will live forever #nightingale of india live at bbc in 1979","omicron is going to bring sadness to a lot of families on its way down over the next few weeks we are at 2500 deaths a day this will take time to go down","reality bites us cases are dropping but it is are still higher than prior waves except for 2 months last year us daily deaths are higher than anytime during the pandemic be patient stay safe","","","",""
"270","first week of our center academy complete awesome 8 am session with my guys workingcrosstraining the center position loved the excitement and the attention to details keep plowing and sowing family #snipermentality #builttraintough #creatingkings","awesome hire congratulations bro","college coachesnext up at greenville high school is 2024 ol @blizz_blake hes been playing football for only two years and is developing rapidly if you need workout vids let me know aaaa region 2 allregion selection height 66 weight 315 wingspan 87 725","","","","",""
"273","rt dragonblogger looking at the artillery hornet 3d printer","rt dragonblogger we are now live streaming on the dragon blogger channel come check us out and say hi and see what is streaming now","rt thisbytesforyou @vyyyper if we only had a place on youtube where we could ask our community that same question some sort of tab","rt dragonblogger join nkda hosting some recommended vday gifts on amazon live and enter to win prizes #founditonamazon #amazonlive #sponsored #liveshow #giveaway","rt dragonblogger we are now live streaming on the dragon blogger channel come check us out and say hi and see what is streaming now","rt dragonblogger roxie reacts the case study of vanitas episode 1 in the event of rusty hopes spoilers dubbed version critical analysis","rt dragonblogger friday night deals with nate is live now come join to see what new giveaways we have and see what is being showcased #deals #amazonlive #amazoninfluencer #founditonamazon #sponsored #renpho","rt dragonblogger join the friday finds on amazon with james live stream and enter to win a gift card and learn about new giveaways #live #amazoninfluencer #founditonamazon #sponsored"
"274","rt dragonblogger we are now live streaming on the dragon blogger channel come check us out and say hi and see what is streaming now","rt dragonblogger enter the valentine gamer giveaway","","","","","",""
"275","my beloved jinjin and mj i hope you recover soon and can continue to shine like the stars you are # #","","","","","","",""
"280","the victorian urge to refer to places only by their first initial and a dash","this is hilarious and also correct","typos in a masterpiece are always heartbreaking","i want to go here","we saw a lil dog yesterday that went out for a bathroom break from the dog groomers while we were drinking our coffee and it was silent and i want to know what kinda little dog is silent i kinda want one if they exist","twitter stopped asking if i want to participate in surveys and is now attempting to force feed them to me","",""
"295","night night tweeps we have had a very busy day revolving around cafes and walks in the park plain old tuckered out hope you have all had an equally enjoyable day sleep well sweet dreams pals there is still another weekend day to go","","","","","","",""
"317","theres nothing important going on its a lovely sunday time for netflix and a bong but did anyone ever think hes running things even he said to the ethics commissioner hes ceremonial and relationshiporiented other people do the real business of governing","","","","","","",""
"318","but it has room in terms of what it does to its enemies","police in canada love kettling a couple hundred lefty protesters who are marching for an afternoon they seem powerless now that ottawa is occupiedwonder why","well the socialism section of my ideologies course just just got a theme song","so you want to play sun city","a rage for paper money for abolition of debts","tennessee was worried mississippi was getting all the racist cred","madison is protecting the rich from the poor thats the main faction hes worried about he indicates this precisely toward the end of the piece","canada was slow on the vax but passed us eventually so seems like a nonextreme comparisonand were about 13 us mortality"
"320","right but it will some kind of authoritarian movement not a political party i mean in some states that is happening now ie bounties","rightas a full authoritarian movement and not so much a political party","there are lots of historical parallels for what is happening now the goldwater takeover of the gop at local and state levels massive resistance purges at school board levels but i dont see how this endsthe party has no more room to move right","yep i live in a ne college town surrounded by trump areas and its getting so im afraid to run ive had at least one bike riding friend tell me she felt like similar truck intentionally forced her offroad","sort of a mobile cry for help","car is the ideal weapon since states are moving to decrim","white women wellness v white men unwellness","sohes like white mens gwenyth paltrow"
"325","everyones a nerd about something some are nerds about everything","this is one of my favorite aspects of the vo world","i rescued a young siamese in late december she likes pets if im wearing animal handling gloves if i go near her with a bare hand she goes full defensive ballistic","there was a point where free con tshirts made up the majority of my shirt drawer","ditto doubledosed and boosted with moderna i do tend to live like a reclusive hermit of course","to borrow from obiwan kenobi if you strike me down i shall become more powerful than you can possibly imagine","i look at my board game collection and silently weep at the lack of play they get","far side and silly putty hmmm"
"330","nothing alot of wrong just love this img so much i need to post when not being on twitter for a bit xd have nice rest of day lt3 lt3","xd will be emberrassing situation since cant handle seeing nude friends if not know well x_x will be very emberassed xd","will not be very active on birb app today i feel having bad emotion day x so if i don reply don be worry am safe just sad and will work and do other thing to think of other thing to distract x lt3","oaaaah i love dogs so much they make me so happy and are blessing to world thank you so much such a good boy deserv lotta pets","owaah such a cutie and good doggo what they name w an can i pet if meet","yaah i bet you deserve","xd hope so rly","yaah indeed now no need to pay 500usd for single card xd"
"334","big things are coming","come join in on the fun #fibswap 7th feb 11am utc game changing dex technology with crosschain swapping #cryptocurrecy #cryptos #cryptogaming #binancesmartchain #binance #bsc #bscgem #bscgems #decentralization #defi","#fibswap cross chain technology is truly the first of its kind take a moment to review the below and youll know why it makes sense in why fibswaps dex is far superior #pancakeswap #uniswap #anyswap #sushiswap #cryptocurrencynews #binance #bsc #crosschain #bscnews #doge","did you know #fibswap can make a #crosschain swap within minutes #avax gt #bsc and when i say minutes i am talking 1min 15 seconds #binance #bsc #cryptocurrencynews #cryptocurrency #cryptonews #cryptos #dogecoin #binancesmartchain #decentralization #defi","its coming sneak preview of #boorio crypto poker application which is coming to android and ios fairly soon #pokeronline #poker #cryptocurrencynews #cryptocurrency #binance #gamblingtwiitter #casino #slots #bsc #bscgem #binancesmartchain #fibswap","","",""
"345","humbled by the lovely rap @starsportsindia looking forward to be back on the field and take inspiration from the fans continued support as india takes on west indies #believeinblue #indvswi","","","","","","",""
"348","any scene doreen is in i skip it so shes definitely #1 as the least favorite","ive made it to season 3 of #wentworth amp between doreen amp vera im not sure which is my least favorite amp franky has become a fave because shes literally the only one with any kind of common sense","","","","","",""
"350","for those still playing animal crossing i will have raymond in boxes tomorrow ungifted legit and ethically sourced please hmu if you are interested i would like some nmts in return pls","this suit is so good it actually made me change my profile pic #newprofilepic","kero kero bonito and hatsune miku are having crossovers with magic the gathering wtfffff kamigawa is insane lmfao","all i know is suffering","","","",""
"357","i will invest hard in deip myself but in myria everyone got burned no","i would be careful with connecting your wallet to a site you dont trust","whats up with our very unprofessional discord its not a good look to not have a discord set up no mods no community","my portfolio is 90 oct 10 near","","","",""
"361","what is wrong with this club man","","","","","","",""
"365","your #lungcancer advocacy inspires us all over the world #patientadvocates #lcsm #cancerdelpulmon","great presentation by @joelnealmd @stanfordcancer on how to weave genomics data into io decision making treat actionable mutation first pdl1 status matters tmb role unclear since most pts get immunotherapy @gotoper #gotowlc #winterlung2022 #lcsm","a pleasure to present all the great work that @charuaggarwalmd and her team @penncancer have done to establish the utility of #plasmangs for early diagnosis and getting pts to treatment sooner #lcsm #liquidbiopsy","beautiful tumbate y mira al cielo my favorite line lie down and look at the sky","i counted and 12 of 23 panelists at the #winterlung2022 conference in miami were women in #thoraciconcology congratulations to the cochairs @juliebrahmer drs socinski and lilenbaum @gotoper for making #diversityandinclusion a priority #heforshe @hemoncwomendocs #lcsm","","",""
"368","when you have a scene with @timkrugerxxx you must do the deep tongue kissing with him","the btch is fcking everyone at the office","","","","","",""
"370","ik but in my experience around his level they will drop by about 100150 ranks most likely he will get it","but i mean just normaly lake the prince now","no if u think its a bad idea please explain why","that would apply to all ground units then","well that image does show the spatky jumping so it would make sense ngl","what if they made mega knight able to jump the river it makes sense his ability is he can jump do y not jump over the river also","immagine having a lower pb than me","it will be hell end around 960 is my guess"
"372","aye he was they look like they have that hunger finally","stunning football well done arfield cmon ramsey","alfie","this season of #belowdeck has been meh i feel that more light hearted and banter interactions need to be included the vibe was completely off this year","dream job one of my fav animals ha","gorgeous morning where is these clouds packed of snow the weather man talks so much guff @our_oakmont_dream i am disgusted #weather #snow #sunny #weathermanlies","absolutely woeful dont even see anyone on the park or bench who has it in them to make a change","should be getting on it in prep for the old firm tonight but currently waiting on classes to start #degreelife #rangersfc"
"381","now in the case of the swimming sprite every sprite is made out of multiple 8x8 pieces and every time the sprite mistake exists they reused this exact 8x8 sprite","obviously when ripping the sprites they decided to make it more organized for super mario bros deluxe so it is easy to believe that they would reuse this more organized version","here is an explanation of why i think this is the case please note i could always be wrong in the left image we have the sprites of super mario bros and on the right we have super mario bros deluxe","honestly at this point my theory is just that when ripping the assets from super mario bros they accidentally put the wrong tiles in for the swimming sprite and they just kept rolling with it","this game unironically had me really worried that my sprite rips of super mario bros were wrong the whole time luckily they are not incorrect","it is a lot of fun would recommend","submitted by @crazycongos @a_rainy_soup @_joebattle_","super mario bros deluxe nintendo game boy color average sprite accuracy 998 check replies for a comparison"
"387","bill murray is my spirit animal","you 12yo","this was tv in the 80s","i watch very little espn but its darn near free with the disney bundle so","probs some frumpy 8510 independent singlemomsmall business owner with no time for love finds herself forced to decide between her career and her happiness discovering at the end that she can have both","dont you have a hallmark movie to gush over","ive a 3 bedroom forget the price my familys there all the time it used to be nice","i am not russian bot i am normal human from usa yankees elvis levis blue jeans"
"399","how could you not with these three","thanks to each and every one of you for 1000 followers im glad i have all of you who love these two just as much as i do","","","","","",""
"414","hes broke compared to people like elon musk and jeff bezos focus your anger on the real problems not some guy thats only moderately rich for his area who constantly advocates for societal change to benefit those less fortunate","fresno night crawler","i sell handmade wands on etsy heres my most recent one","lol no clue i found a random shiny psyduck super early on though so that was cool","","","",""
"429","take something to cover your ears to carry you through this thing so you can listen to better artists later","","","","","","",""
"434","i was just listening to a video where the videographer was chatting with the oppose protestors in ottawa one woman knowingly or unknowingly admitted that there is a vast minority in this country wanting to keep the mandates they know they are","this quote is true on a side note not sure if you are aware or if this is true but may be of interest","beg no one take it back yourself","it sure is so why is your opinion more valued than other doctors if its not driven by ideology","are you a past drama teacher too","too important for a mask","i accept","i wouldnt say canada ever had if at all a large racists element but i can most definitely say now canadians of all sizes shapes and colours are more united than ive ever witnessed"
"435","because of the constant bombardment of propaganda unless you consciously reject it the subconscious mind absorbs it as true","its sad no one trusts experts anymore youve done it to yourselves as a profession","","","","","",""
"436","says the guy wearing the mask outside by himself whos the baby","the protest in ottawa is giving voice to the voiceless and its standing up for canadian values and people they are protesting because people like you choose to be silent on tyranny and discrimination because it doesnt directly affect you #honkhonk","antifa protests violence and destruction nonantifa protests pure fun","shes basically describing what the libs have achieved","could it be that the woke are the true fringe minority","cousin in the us says looks like canada has the backbone america lacks","",""
"440","shoveling the driveway is a sham global warming will take care of that","china should be banned from ever having the #olympics again because its so hard to avoid spoilers oh yeah and those human rights violations too","this is dumb as hell","my first second guess winner","razrs have twitter on them","","",""
"448","i genuinely never could understand how @allianceparty could have wanted rigorous implementation of the protocol and lined up in letter writing with sinn fein calling for that must be their fanatical support for the eu instead of the uk","justice for jean mcconville","donna traynor discrimination case against bbc set to open on thursday","a heartfelt message from northern ireland where we look forward to a visit from her majesty in her platinum jubilee year @royalfamily","absolutely right and getting rid of the protocol which leaves part of the uk still under eu law and court must be a priority","","",""
"450","having taken advice from a distinguished predecessor im delighted to confirm that i have accepted the role of director of comms for @borisjohnson joining a formidable team to focus on the things that matter and deliver what he promised to the people","very kind kit and great to be working together again","thanks jon know you will rightly hold us to account","i need more than 280 characters to spell out why they are fundamentally different","","","",""
"451","youre unfit for office both of you","what do you say @fordnation we see you","this is big and international this is trying to destroyweaken g7 countries through misinformation disinformation and big bucks there are people in power in canada that are complicit","it really felt fishy more done for canada day for security than they did for this police were ordered to stand down ive lived in ottawa for many years","kind of explains things doesnt it fire the ottawa chief of police for his mishandling of this truck fiasco get him out","these people have done nothing how linked are you to trump and his grit in russia asking for a friend","hes helping them with all of this not really about oil i dont thinkhttpstcop4shoqs36h","for years now i have suggested that ottawagatineau be the national capital region and run like dc as its own entity shades of andy hayden"
"454","after 4 days i am no longer snowed in","social media is wild its where we learn how dumb all the people we went to school with are in previous gens you had to wait for the reunions for that","yes the answer is yes","here we have the one who understands the star wars and the one who does not","i feel like its tswift","im feeling this today","",""
"463","candidate to replace justin trudeau declares smaller government makes room for bigger citizens","whod a thunk someone on msnbc manages to outcrazy joy reid","photo op cringe grinning stacey abrams sits among masked children with no mask","candidate to replace justin trudeau declares smaller government makes room for bigger citizens","victory for freedom in some areas in canada but ottawa official has ominous words for truckers","taking a photo maskless is not the only reason eric garcetti is holding his breath","those trying to cancel joe rogan dont care that he used the nword","victory for freedom in some areas in canada but ottawa official has ominous words for truckers"
"481","500 followers thank you for all the support to make swift as good as possible we would like to have your opinion about swift what is good or what can be improved #swiftup","is our twitter already dead","solo cash cup standings #342 @xamfnbr we wish you guys good luck in the next cup #swiftup","whats the first thing you think about when hearing swift","say hello to the next addition at swift gaming welcome @brandtmanfn #swiftup","","",""
"482","also completely forgot our expert group neuroscientist @pirtahotulainen","thanks for pointing this out the right person to ask is the lc clinic head @liirahelena @karitikkinen also has some other ongoing research projects whereas @tuulavasankari another program i have no ongoing in lc but of course trying to facilitate all @helsinkiunimed science","","","","","",""
"484","nursing homework help in this discussion you will consider case studies that describe abnormal findings in patients seen in a clinical setting to #paydomyhomework","computer science homework help discussion chapter 1 compare and contrast predictive analytics with prescriptive and descriptive analytics use examples #paydomyhomework","business amp finance homework help build a wireframe of an ecommerce website of your own build an ecommerce strategy and website architecture let us see #paydomyhomework","management homework help explain how you expect this course will help you move forward in your current or future career throughout this course you will #paydomyhomework","psychology homework help respond to victoria and shaquita post with a 100 words victoria post participatory planning is an urban planning paradigm that #paydomyhomework","computer science homework help please write research paper apa 7 format this weeks journal article was focused on the complexity of information #paydomyhomework","business amp finance homework help identify responsibility of different stakeholders no more than three in cargo security a stakeholder may be #paydomyhomework","management homework help you work for oneearth an environmental consulting company that specializes in buildingcondition assessments contaminatedsite #paydomyhomework"
"485","computer science homework help answer each these questions in a paragraph with at least 34 sentences include the question and number your #paydomyhomework","computer science homework help part 1 a principal wants to determine if a new act preparation program is effective the data are contained in #paydomyhomework","","","","","",""
"486","same yukari absolutely kills it","im begging why do game companies hate money","still waiting for an ace attorney 46 trilogy release on pc or ps45","i was literally obsessed with the drakenier soundtrack a good few months before i played automata","like i realize tht music plays an integral part to how important and enjoyable a game is 2 me makes it so much more memorable","me discovering new games to play from their banger soundtrack most of the time","actually might return to playing aa soon bc im kind of in a video game burnout rn but visual novels dont req much effort to play so oh and i shelved aa trilogy for like a year to play other games so i rly need to finish it",""
"490","some have already discovered their bank credit cards are being blocked fr issuing funds not only to the givesendgo fundraising site for #truckersforfreedom but also to crypto wallets big banks are already restricting canadian citizens financial freedom #cdnpoli #truthmatters","","","","","","",""
"491","what @gofundme is doing now your bank will be doing in 5 years","my 4 year old had a stuffy nose for 5 days and to my knowledge no serious pediatric cases have come through any of the 7 ers we run","","","","","",""
"492","the update we issued earlier enabled all donors to get a refund and outlined a plan to distribute remaining funds to verified charities selected by the freedom convoy organizers however due to donor feedback we are simplifying the process and automatically refunding donations","to simplify the process for our users we will be refunding all donations to the freedom convoy 2022 fundraiser this refund will happen automaticallyyou do not need to submit a request donors can expect to see refunds within 710 business days","amazing","heres the official gofundme to help @depheruk continue giving free plumbing and heating repairs to customers","meet jamesthe plumber who takes jobs to help the elderly and then doesnt charge them a thing","a true gent","",""
